,Gold Queries
0,SELECT count(*) FROM pets WHERE weight  >  10
1,SELECT weight FROM pets ORDER BY pet_age LIMIT 1
2,SELECT weight FROM pets ORDER BY pet_age LIMIT 1
3,"SELECT max(weight) ,  petType FROM pets GROUP BY petType"
4,"SELECT max(weight) ,  petType FROM pets GROUP BY petType"
5,SELECT count(*) FROM student AS T1 JOIN has_pet AS T2 ON T1.stuid  =  T2.stuid WHERE T1.age  >  20
6,SELECT count(*) FROM student AS T1 JOIN has_pet AS T2 ON T1.stuid  =  T2.stuid WHERE T1.age  >  20
7,SELECT count(*) FROM student AS T1 JOIN has_pet AS T2 ON T1.stuid  =  T2.stuid JOIN pets AS T3 ON T2.petid  =  T3.petid WHERE T1.sex  =  'F' AND T3.pettype  =  'dog'
8,SELECT count(*) FROM student AS T1 JOIN has_pet AS T2 ON T1.stuid  =  T2.stuid JOIN pets AS T3 ON T2.petid  =  T3.petid WHERE T1.sex  =  'F' AND T3.pettype  =  'dog'
9,SELECT count(DISTINCT pettype) FROM pets
10,SELECT count(DISTINCT pettype) FROM pets
11,SELECT DISTINCT T1.Fname FROM student AS T1 JOIN has_pet AS T2 ON T1.stuid  =  T2.stuid JOIN pets AS T3 ON T3.petid  =  T2.petid WHERE T3.pettype  =  'cat' OR T3.pettype  =  'dog'
12,SELECT DISTINCT T1.Fname FROM student AS T1 JOIN has_pet AS T2 ON T1.stuid  =  T2.stuid JOIN pets AS T3 ON T3.petid  =  T2.petid WHERE T3.pettype  =  'cat' OR T3.pettype  =  'dog'
13,select t1.fname from student as t1 join has_pet as t2 on t1.stuid  =  t2.stuid join pets as t3 on t3.petid  =  t2.petid where t3.pettype  =  'cat' intersect select t1.fname from student as t1 join has_pet as t2 on t1.stuid  =  t2.stuid join pets as t3 on t3.petid  =  t2.petid where t3.pettype  =  'dog'
14,SELECT T1.Fname FROM student AS T1 JOIN has_pet AS T2 ON T1.stuid  =  T2.stuid JOIN pets AS T3 ON T3.petid  =  T2.petid WHERE T3.pettype  =  'cat' INTERSECT SELECT T1.Fname FROM student AS T1 JOIN has_pet AS T2 ON T1.stuid  =  T2.stuid JOIN pets AS T3 ON T3.petid  =  T2.petid WHERE T3.pettype  =  'dog'
15,"SELECT major ,  age FROM student WHERE stuid NOT IN (SELECT T1.stuid FROM student AS T1 JOIN has_pet AS T2 ON T1.stuid  =  T2.stuid JOIN pets AS T3 ON T3.petid  =  T2.petid WHERE T3.pettype  =  'cat')"
16,"SELECT major ,  age FROM student WHERE stuid NOT IN (SELECT T1.stuid FROM student AS T1 JOIN has_pet AS T2 ON T1.stuid  =  T2.stuid JOIN pets AS T3 ON T3.petid  =  T2.petid WHERE T3.pettype  =  'cat')"
17,SELECT stuid FROM student EXCEPT SELECT T1.stuid FROM student AS T1 JOIN has_pet AS T2 ON T1.stuid  =  T2.stuid JOIN pets AS T3 ON T3.petid  =  T2.petid WHERE T3.pettype  =  'cat'
18,SELECT stuid FROM student EXCEPT SELECT T1.stuid FROM student AS T1 JOIN has_pet AS T2 ON T1.stuid  =  T2.stuid JOIN pets AS T3 ON T3.petid  =  T2.petid WHERE T3.pettype  =  'cat'
19,"SELECT T1.fname ,  T1.age FROM student AS T1 JOIN has_pet AS T2 ON T1.stuid  =  T2.stuid JOIN pets AS T3 ON T3.petid  =  T2.petid WHERE T3.pettype  =  'dog' AND T1.stuid NOT IN (SELECT T1.stuid FROM student AS T1 JOIN has_pet AS T2 ON T1.stuid  =  T2.stuid JOIN pets AS T3 ON T3.petid  =  T2.petid WHERE T3.pettype  =  'cat')"
20,"SELECT T1.fname ,  T1.age FROM student AS T1 JOIN has_pet AS T2 ON T1.stuid  =  T2.stuid JOIN pets AS T3 ON T3.petid  =  T2.petid WHERE T3.pettype  =  'dog' AND T1.stuid NOT IN (SELECT T1.stuid FROM student AS T1 JOIN has_pet AS T2 ON T1.stuid  =  T2.stuid JOIN pets AS T3 ON T3.petid  =  T2.petid WHERE T3.pettype  =  'cat')"
21,"SELECT pettype ,  weight FROM pets ORDER BY pet_age LIMIT 1"
22,"SELECT pettype ,  weight FROM pets ORDER BY pet_age LIMIT 1"
23,"SELECT petid ,  weight FROM pets WHERE pet_age  >  1"
24,"SELECT petid ,  weight FROM pets WHERE pet_age  >  1"
25,"SELECT avg(pet_age) ,  max(pet_age) ,  pettype FROM pets GROUP BY pettype"
26,"SELECT avg(pet_age) ,  max(pet_age) ,  pettype FROM pets GROUP BY pettype"
27,"SELECT avg(weight) ,  pettype FROM pets GROUP BY pettype"
28,"SELECT avg(weight) ,  pettype FROM pets GROUP BY pettype"
29,"SELECT DISTINCT T1.fname ,  T1.age FROM student AS T1 JOIN has_pet AS T2 ON T1.stuid  =  T2.stuid"
30,"SELECT DISTINCT T1.fname ,  T1.age FROM student AS T1 JOIN has_pet AS T2 ON T1.stuid  =  T2.stuid"
31,SELECT T2.petid FROM student AS T1 JOIN has_pet AS T2 ON T1.stuid  =  T2.stuid WHERE T1.Lname  =  'Smith'
32,SELECT T2.petid FROM student AS T1 JOIN has_pet AS T2 ON T1.stuid  =  T2.stuid WHERE T1.Lname  =  'Smith'
33,"SELECT count(*) ,  T1.stuid FROM student AS T1 JOIN has_pet AS T2 ON T1.stuid  =  T2.stuid GROUP BY T1.stuid"
34,"select count(*) ,  t1.stuid from student as t1 join has_pet as t2 on t1.stuid  =  t2.stuid group by t1.stuid"
35,"SELECT T1.fname ,  T1.sex FROM student AS T1 JOIN has_pet AS T2 ON T1.stuid  =  T2.stuid GROUP BY T1.stuid HAVING count(*)  >  1"
36,"SELECT T1.fname ,  T1.sex FROM student AS T1 JOIN has_pet AS T2 ON T1.stuid  =  T2.stuid GROUP BY T1.stuid HAVING count(*)  >  1"
37,SELECT T1.lname FROM student AS T1 JOIN has_pet AS T2 ON T1.stuid  =  T2.stuid JOIN pets AS T3 ON T3.petid  =  T2.petid WHERE T3.pet_age  =  3 AND T3.pettype  =  'cat'
38,SELECT T1.lname FROM student AS T1 JOIN has_pet AS T2 ON T1.stuid  =  T2.stuid JOIN pets AS T3 ON T3.petid  =  T2.petid WHERE T3.pet_age  =  3 AND T3.pettype  =  'cat'
39,select avg(age) from student where stuid not in (select stuid from has_pet)
