Country,Year,GDP real rates of growth (percent)
Afghanistan,2010.0,0.3795872032225043
Afghanistan,2015.0,-1.2379330411400586
Albania,2010.0,0.011968965867376346
Albania,2015.0,-0.3556492714877516
Angola,2015.0,-0.6742517438621959
Argentina,2010.0,1.5804734452492555
Argentina,2015.0,-0.23310985903604228
Armenia,2010.0,-0.3556492714877516
Armenia,2015.0,-0.11057044658433297
Australia,2010.0,-0.30663350650706794
Australia,2015.0,-0.23310985903604228
Austria,2010.0,-0.4536808014491191
Austria,2015.0,-0.649743861371854
Azerbaijan,2010.0,0.3305714382418205
Azerbaijan,2015.0,-0.6252359788815122
Bahamas,2015.0,-0.649743861371854
Bahrain,2015.0,-0.28212562401672603
Bangladesh,2015.0,1.1883473254037857
Barbados,2010.0,-1.4585039835531355
Barbados,2015.0,-0.28212562401672603
Belarus,2010.0,1.0167921479713926
Belarus,2015.0,-1.8261222209082635
Belgium,2010.0,-0.18409409405535862
Belgium,2015.0,-0.4046650364684354
Belize,2010.0,-0.5762202139008283
Belize,2015.0,-0.06155468160364931
Bhutan,2010.0,2.0216153300754094
Bhutan,2015.0,0.7226975580872902
Bolivia (Plurin. State of),2010.0,0.11000049582874366
Bolivia (Plurin. State of),2015.0,0.30606355575147876
Brazil,2010.0,0.9432685005003671
Brazil,2015.0,-1.7525985734372378
Bulgaria,2010.0,-0.5272044489201447
Bulgaria,2015.0,-0.06155468160364931
Burundi,2010.0,0.3550793207321623
Burundi,2015.0,-0.99285421623664
Cabo Verde,2010.0,-0.5272044489201447
Cabo Verde,2015.0,-0.649743861371854
Cambodia,2010.0,0.5756502631452391
Cameroon,2010.0,-0.18409409405535862
Cameroon,2015.0,0.5021266156742136
Canada,2010.0,-0.13507832907467485
Canada,2015.0,-0.7232675088428797
Chile,2010.0,0.5266344981645554
Chile,2015.0,-0.3311413889974098
China,2010.0,1.7030128577009649
China,2015.0,0.8207290880486577
Colombia,2010.0,0.2080320257901112
Colombia,2015.0,-0.15958621156501673
Costa Rica,2010.0,0.42860296820318805
Costa Rica,2015.0,0.011968965867376346
Croatia,2010.0,-1.188917276159375
Croatia,2015.0,-0.28212562401672603
Cuba,2010.0,-0.30663350650706794
Cyprus,2010.0,-0.3311413889974098
Cyprus,2015.0,-0.06155468160364931
Czechia,2010.0,-0.30663350650706794
Czechia,2015.0,0.42860296820318805
Denmark,2010.0,-0.42917291895877724
Denmark,2015.0,-0.3311413889974098
Dominican Republic,2015.0,0.796221205558316
Ecuador,2010.0,-0.037046799113307424
Ecuador,2015.0,-0.8703148037849308
El Salvador,2010.0,-0.38015715397809346
El Salvador,2015.0,-0.30663350650706794
Estonia,2010.0,-0.30663350650706794
Estonia,2015.0,-0.42917291895877724
Eswatini,2010.0,0.03647684835771812
Eswatini,2015.0,-0.3556492714877516
Finland,2010.0,-0.11057044658433297
Finland,2015.0,-0.7722832738235633
France,2010.0,-0.42917291895877724
France,2015.0,-0.6252359788815122
Georgia,2010.0,0.624666028125923
Germany,2010.0,0.13450837831908566
Germany,2015.0,-0.5272044489201447
Ghana,2015.0,-0.38015715397809346
Greece,2010.0,-2.242756223244075
Greece,2015.0,-0.9438384512559564
Guatemala,2010.0,-0.18409409405535862
Guatemala,2015.0,0.11000049582874366
Guyana,2010.0,0.11000049582874366
Honduras,2015.0,0.03647684835771812
Hungary,2010.0,-0.6252359788815122
Hungary,2015.0,0.011968965867376346
Iceland,2010.0,-1.581043396004845
Iceland,2015.0,0.18352414329976943
India,2010.0,1.1883473254037857
India,2015.0,1.0658079129520766
Indonesia,2010.0,0.624666028125923
Indonesia,2015.0,0.30606355575147876
Ireland,2010.0,-0.47818868393946096
Ireland,2015.0,5.085100641368141
Israel,2010.0,0.5021266156742136
Israel,2015.0,-0.3311413889974098
Italy,2010.0,-0.47818868393946096
Italy,2015.0,-0.6987596263525376
Jamaica,2010.0,-1.2624409236304004
Jamaica,2015.0,-0.6742517438621959
Japan,2015.0,-0.5026965664298028
Kazakhstan,2010.0,0.8942527355196833
Kazakhstan,2015.0,-0.6007280963911703
Kenya,2015.0,0.3305714382418205
Kyrgyzstan,2010.0,-1.0173620987269818
Kyrgyzstan,2015.0,0.060984730848060005
Latvia,2010.0,-1.9976773983406564
Latvia,2015.0,0.060984730848060005
Lebanon,2010.0,1.0658079129520766
Lithuania,2010.0,-0.47818868393946096
Lithuania,2015.0,-0.4046650364684354
Luxembourg,2010.0,0.03647684835771812
Luxembourg,2015.0,-0.3311413889974098
Madagascar,2015.0,-0.13507832907467485
Malawi,2010.0,0.796221205558316
Malaysia,2010.0,0.9187606180100253
Malaysia,2015.0,0.3550793207321623
Maldives,2010.0,0.8942527355196833
Maldives,2015.0,-0.18409409405535862
Malta,2010.0,0.45311085069352985
Malta,2015.0,1.4579340327975463
Mauritius,2010.0,0.18352414329976943
Mauritius,2015.0,0.011968965867376346
Mexico,2010.0,0.3550793207321623
Mexico,2015.0,-0.0860625640939912
Mongolia,2010.0,0.6736817931066067
Mongolia,2015.0,-0.5762202139008283
Morocco,2015.0,0.15901626080942743
Mozambique,2010.0,0.6981896755969484
Namibia,2010.0,0.5756502631452391
Nepal,2010.0,0.624666028125923
Nepal,2015.0,0.08549261333840188
Netherlands (Kingdom of the),2010.0,-0.5762202139008283
Netherlands (Kingdom of the),2015.0,-0.4046650364684354
New Zealand,2010.0,-0.6742517438621959
New Zealand,2015.0,0.13450837831908566
Nicaragua,2010.0,0.18352414329976943
Nicaragua,2015.0,0.28155567326113673
Norway,2010.0,-0.7232675088428797
Norway,2015.0,-0.4046650364684354
Oman,2015.0,0.3305714382418205
Pakistan,2010.0,-0.2086019765457005
Pakistan,2015.0,0.5756502631452391
Panama,2015.0,0.5021266156742136
Paraguay,2010.0,1.8255522701526743
Paraguay,2015.0,-0.15958621156501673
Peru,2010.0,1.1393315604231022
Peru,2015.0,-0.0860625640939912
Philippines,2015.0,0.6491739106162647
Poland,2010.0,-0.18409409405535862
Poland,2015.0,0.18352414329976943
Portugal,2010.0,-0.47818868393946096
Portugal,2015.0,-0.4536808014491191
Qatar,2010.0,3.1979936896118186
Qatar,2015.0,0.28155567326113673
Republic of Korea,2010.0,0.771713323067974
Republic of Korea,2015.0,-0.2086019765457005
Republic of Moldova,2010.0,0.8452369705389996
Republic of Moldova,2015.0,-0.9683463337462982
Romania,2010.0,-1.8506301033986052
Romania,2015.0,-0.11057044658433297
Russian Federation,2015.0,-1.3849803360821098
Rwanda,2010.0,0.8942527355196833
Rwanda,2015.0,1.2863788553651534
Saint Lucia,2010.0,-0.7722832738235633
Saint Lucia,2015.0,-0.8703148037849308
Saint Vincent & Grenadines,2010.0,-1.9976773983406564
San Marino,2010.0,-2.0221852808309984
Sao Tome and Principe,2010.0,0.7472054405776323
Saudi Arabia,2015.0,0.11000049582874366
Senegal,2010.0,-0.06155468160364931
Senegal,2015.0,0.6736817931066067
Serbia,2010.0,-0.7232675088428797
Serbia,2015.0,-0.4536808014491191
Sierra Leone,2015.0,-5.918938596795355
Singapore,2010.0,2.707836039804981
Singapore,2015.0,-0.15958621156501673
Slovakia,2010.0,0.7472054405776323
Slovakia,2015.0,0.3795872032225043
Slovenia,2010.0,-0.5762202139008283
Slovenia,2015.0,-0.3556492714877516
South Africa,2010.0,-0.15958621156501673
South Africa,2015.0,-0.5762202139008283
Spain,2010.0,-0.8458069212945889
Spain,2015.0,0.03647684835771812
Sri Lanka,2010.0,1.0658079129520766
Sri Lanka,2015.0,0.3305714382418205
Suriname,2015.0,-1.5320276310241612
Sweden,2010.0,0.5756502631452391
Sweden,2015.0,0.2080320257901112
Switzerland,2010.0,-0.0860625640939912
Switzerland,2015.0,-0.47818868393946096
Tajikistan,2010.0,0.6981896755969484
Thailand,2010.0,0.9432685005003671
Thailand,2015.0,-0.13507832907467485
Timor-Leste,2010.0,1.4579340327975463
Timor-Leste,2015.0,-0.2086019765457005
Tunisia,2010.0,-0.037046799113307424
Türkiye,2010.0,1.163839442913444
Türkiye,2015.0,0.6001581456355809
Uganda,2010.0,3.9822459293027577
Uganda,2015.0,0.6001581456355809
Ukraine,2010.0,-0.821299038804247
United Arab Emirates,2015.0,0.3550793207321623
United Kingdom,2010.0,-0.30663350650706794
United Kingdom,2015.0,-0.30663350650706794
United Rep. of Tanzania,2010.0,0.6736817931066067
United Rep. of Tanzania,2015.0,0.624666028125923
United States of America,2015.0,-0.23310985903604228
Uruguay,2015.0,-0.4536808014491191
Uzbekistan,2015.0,0.8697448530293416
Venezuela (Boliv. Rep. of),2010.0,-1.2624409236304004
Viet Nam,2010.0,1.9480916826043835
Yemen,2010.0,0.11000049582874366
Zambia,2010.0,1.6294892102299396
Zambia,2015.0,-0.18409409405535862
