Country,Year,Gross enrollment ratio - Upper secondary level (male)
Afghanistan,2010.0,-1.2757137407379016
Afghanistan,2015.0,-0.983285538083172
Albania,2010.0,-0.14144677286501092
Albania,2015.0,0.405009969469585
Angola,2015.0,0.09338193532742363
Argentina,2010.0,-0.6258732903940578
Argentina,2015.0,-0.1916617167552167
Armenia,2010.0,0.467040194275134
Armenia,2015.0,-0.017386323253913382
Australia,2010.0,4.546265930297172
Australia,2015.0,4.546265930297172
Austria,2010.0,0.405009969469585
Austria,2015.0,0.5231627786230112
Azerbaijan,2010.0,-0.8710403693874172
Azerbaijan,2015.0,-0.8710403693874172
Bahamas,2015.0,0.40648687958400315
Bahrain,2015.0,0.4611325538174626
Bangladesh,2015.0,-1.051223403346392
Barbados,2010.0,0.467040194275134
Barbados,2015.0,0.6472232282341087
Belarus,2010.0,1.3709091842988441
Belarus,2015.0,0.8864826667697968
Belgium,2010.0,1.9705346907524814
Belgium,2015.0,1.6810603083265878
Belize,2010.0,-1.1398380102114618
Belize,2015.0,-0.8799018300739241
Bhutan,2010.0,-1.2461755384495452
Bhutan,2015.0,-0.49590520032528934
Bolivia (Plurin. State of),2010.0,-0.08827800874596882
Bolivia (Plurin. State of),2015.0,0.05350536223814247
Brazil,2010.0,-0.011478682796241991
Brazil,2015.0,-0.011478682796241991
Bulgaria,2010.0,0.25436513779896686
Bulgaria,2015.0,0.8333139026507548
Burundi,2010.0,-2.0791528429811996
Burundi,2015.0,-1.6390336288846872
Cabo Verde,2010.0,-0.8680865491585815
Cabo Verde,2015.0,-0.5372586835289882
Cambodia,2010.0,-0.6214425600508047
Cameroon,2010.0,-1.4972502579005758
Cameroon,2015.0,-1.0896230663212556
Canada,2010.0,0.5645162618267104
Canada,2015.0,0.9544205320330168
Chile,2010.0,-0.05283216599994131
Chile,2015.0,0.3902408683254067
China,2010.0,-0.24778430110309427
China,2015.0,-0.25073812133192974
Colombia,2010.0,-0.3925214923160415
Colombia,2015.0,-0.41024441368905523
Costa Rica,2010.0,-0.45159789689275454
Costa Rica,2015.0,0.4138714301560923
Croatia,2010.0,0.07122828361115623
Croatia,2015.0,0.11553558704369103
Cuba,2010.0,0.0859973847553345
Cyprus,2010.0,0.0032904183479362764
Cyprus,2015.0,0.42568671107143463
Czechia,2010.0,0.16870435116273272
Czechia,2015.0,0.65313086869178
Denmark,2010.0,1.0518965995845933
Denmark,2015.0,1.5274616564271333
Dominican Republic,2015.0,-0.4693208182657683
Ecuador,2010.0,-0.2773225033914508
Ecuador,2015.0,0.21891929505293892
El Salvador,2010.0,-1.1605147518133112
El Salvador,2015.0,-0.8858094705315955
Estonia,2010.0,0.5822391831997242
Estonia,2015.0,0.8037757003623982
Eswatini,2010.0,-0.9448858751083086
Eswatini,2015.0,-0.7026726163437849
Finland,2010.0,0.7181149137261645
Finland,2015.0,2.8330501975724927
France,2010.0,0.7003919923531503
France,2015.0,0.5763315427420532
Georgia,2010.0,-0.8710403693874172
Germany,2010.0,0.8274062621930838
Germany,2015.0,0.6147312057169166
Ghana,2015.0,-1.0335004819733782
Greece,2010.0,0.6413155877764373
Greece,2015.0,0.6856228912089721
Guatemala,2010.0,-1.5061117185870827
Guatemala,2015.0,-1.470665875841055
Guyana,2010.0,-0.48113609918111105
Honduras,2015.0,-1.0231621111724534
Hungary,2010.0,0.3223030030621868
Hungary,2015.0,0.5763315427420532
Iceland,2010.0,0.8362677228795907
Iceland,2015.0,1.3531862629258296
India,2010.0,-0.9862393583120077
India,2015.0,-0.6406423915382361
Indonesia,2010.0,-0.6317809308517293
Indonesia,2015.0,-0.2389228404165874
Ireland,2010.0,1.2114028919417188
Ireland,2015.0,1.4122626675025427
Israel,2010.0,0.4611325538174626
Israel,2015.0,0.4463634526732843
Italy,2010.0,0.4138714301560923
Italy,2015.0,0.4227328908425992
Jamaica,2010.0,0.0032904183479362764
Jamaica,2015.0,-0.35116800911234214
Japan,2015.0,0.4611325538174626
Kazakhstan,2010.0,0.18347345230691098
Kazakhstan,2015.0,0.4109176099272564
Kenya,2015.0,-0.5667968858173452
Kyrgyzstan,2010.0,-0.3866138518583701
Kyrgyzstan,2015.0,-0.1975693572128881
Latvia,2010.0,0.4168252503849278
Latvia,2015.0,1.0932500827882927
Lebanon,2010.0,0.26618041871430964
Lithuania,2010.0,0.6176850259457521
Lithuania,2015.0,0.9957740152367157
Luxembourg,2010.0,0.07713592406882762
Luxembourg,2015.0,0.1805196320780755
Madagascar,2015.0,-1.8339857639878403
Malawi,2010.0,-1.981676775429623
Malaysia,2010.0,-0.7587952006916623
Malaysia,2015.0,-0.2861839640779577
Maldives,2010.0,-0.6879035151996068
Maldives,2015.0,-1.2875290216532445
Malta,2010.0,0.8067295205912342
Malta,2015.0,-0.023293963711584775
Mauritius,2010.0,-0.1946155369840526
Mauritius,2015.0,-0.09123182897480472
Mexico,2010.0,-0.8060563243530328
Mexico,2015.0,-0.41024441368905523
Mongolia,2010.0,-0.03215542439809165
Mongolia,2015.0,0.0357824408651283
Morocco,2015.0,-0.12963149194966814
Mozambique,2010.0,-2.1441368880155838
Namibia,2010.0,0.4522710931309557
Nepal,2010.0,-1.240267897991874
Nepal,2015.0,-1.0984845270077623
Netherlands (Kingdom of the),2010.0,0.8717135656256186
Netherlands (Kingdom of the),2015.0,1.235033453772404
New Zealand,2010.0,1.3236480606374732
New Zealand,2015.0,1.0932500827882927
Nicaragua,2010.0,-1.0423619426598851
Nicaragua,2015.0,-1.0423619426598851
Norway,2010.0,1.2379872740012394
Norway,2015.0,1.2852483976626101
Oman,2015.0,0.37547176718122843
Pakistan,2010.0,-1.6803871120883862
Pakistan,2015.0,-1.4677120556122192
Panama,2015.0,-0.9035323919046094
Paraguay,2010.0,-0.9448858751083086
Paraguay,2015.0,-0.820825425497211
Peru,2010.0,-0.3659371102565204
Peru,2015.0,0.14802760956088348
Philippines,2015.0,-0.3423065484258353
Poland,2010.0,0.3016262614603371
Poland,2015.0,0.9071594083716461
Portugal,2010.0,0.3163953626045154
Portugal,2015.0,1.010543116380894
Qatar,2010.0,0.42568671107143463
Qatar,2015.0,0.42568671107143463
Republic of Korea,2010.0,0.21005783436643202
Republic of Korea,2015.0,0.3311644637486937
Republic of Moldova,2010.0,0.4522710931309557
Republic of Moldova,2015.0,0.4522710931309557
Romania,2010.0,0.3488873851217078
Romania,2015.0,0.09485884544184137
Russian Federation,2015.0,0.8687597453967827
Rwanda,2010.0,-1.9285080113105808
Rwanda,2015.0,-1.5947263254521524
Saint Lucia,2010.0,0.09485884544184137
Saint Lucia,2015.0,-0.12963149194966814
Saint Vincent & Grenadines,2010.0,-0.12667767172083264
San Marino,2010.0,1.09472699290271
Sao Tome and Principe,2010.0,-1.869431606733868
Saudi Arabia,2015.0,1.0873424423306213
Senegal,2010.0,-1.2107296957035174
Senegal,2015.0,-1.2919597519964978
Serbia,2010.0,-0.08237036828829784
Serbia,2015.0,0.11258176681485554
Sierra Leone,2015.0,-1.6951562132325646
Singapore,2010.0,0.45374800324537345
Singapore,2015.0,-0.40876750357463704
Slovakia,2010.0,0.10667412635718415
Slovakia,2015.0,-0.07055508737295506
Slovenia,2010.0,0.4463634526732843
Slovenia,2015.0,0.8805750263121255
South Africa,2010.0,-0.05873980645761228
South Africa,2015.0,0.8067295205912342
Spain,2010.0,1.0991577232459635
Spain,2015.0,1.1464188469073342
Sri Lanka,2010.0,0.1716581713915686
Sri Lanka,2015.0,0.1716581713915686
Suriname,2015.0,-1.4499891342392053
Sweden,2010.0,0.431594351529106
Sweden,2015.0,1.870104802972069
Switzerland,2010.0,0.10667412635718415
Switzerland,2015.0,0.4404558122156129
Tajikistan,2010.0,-0.43978261597741175
Thailand,2010.0,-0.693811155657278
Thailand,2015.0,1.0164507568385655
Timor-Leste,2010.0,-0.9862393583120077
Timor-Leste,2015.0,-0.7883334029800187
Tunisia,2010.0,-0.5402125037578241
Türkiye,2010.0,-0.25073812133192974
Türkiye,2015.0,0.7062996328108218
Uganda,2010.0,-0.44273643620624725
Uganda,2015.0,-0.5859967173047766
Ukraine,2010.0,-0.06760126714411958
United Arab Emirates,2015.0,2.750343231165094
United Kingdom,2010.0,0.29867244123150166
United Kingdom,2015.0,1.3088789594932948
United Rep. of Tanzania,2010.0,-2.247520596024832
United Rep. of Tanzania,2015.0,-2.318412281516887
United States of America,2015.0,0.23664221642595307
Uruguay,2015.0,-0.6081503690210441
Uzbekistan,2015.0,0.1332585084167052
Venezuela (Boliv. Rep. of),2010.0,-0.5874736274191944
Viet Nam,2010.0,-0.10895475034781847
Yemen,2010.0,-1.3022981227974226
Zambia,2010.0,0.20415019390876063
Zambia,2015.0,0.372517946952393
