Country,Year,International migrant stock: Male (% total Population)
Afghanistan,2010.0,-0.659334642494839
Afghanistan,2015.0,-0.6129406159406284
Albania,2010.0,-0.5510819138683477
Albania,2015.0,-0.5510819138683477
Angola,2015.0,-0.5201525628322072
Argentina,2010.0,-0.36550580765150537
Argentina,2015.0,-0.33457645661536506
Armenia,2010.0,-0.1953943769527333
Armenia,2015.0,-0.2572530790250141
Australia,2010.0,1.3510731748542857
Australia,2015.0,1.4747905789988471
Austria,2010.0,0.45412199480621473
Austria,2015.0,0.6087687499869167
Azerbaijan,2010.0,-0.4660261985189616
Azerbaijan,2015.0,-0.4892232117960669
Bahamas,2015.0,0.5855717367098113
Bahrain,2015.0,4.142447105865955
Bangladesh,2015.0,-0.6206729536996635
Barbados,2010.0,0.15256082220384598
Barbados,2015.0,0.1834901732399864
Belarus,2010.0,0.19122251099902146
Belarus,2015.0,0.1834901732399864
Belgium,2010.0,0.35360160393875845
Belgium,2015.0,0.5237130346375305
Belize,2010.0,0.43865731928814444
Belize,2015.0,0.4927836836013902
Bhutan,2010.0,0.15256082220384598
Bhutan,2015.0,0.1834901732399864
Bolivia (Plurin. State of),2010.0,-0.5897436026635232
Bolivia (Plurin. State of),2015.0,-0.5820112649044881
Brazil,2010.0,-0.667066980253874
Brazil,2015.0,-0.659334642494839
Bulgaria,2010.0,-0.6206729536996635
Bulgaria,2015.0,-0.5588142516273827
Burundi,2010.0,-0.47375853627799674
Burundi,2015.0,-0.4660261985189616
Cabo Verde,2010.0,-0.45829386075992656
Cabo Verde,2015.0,-0.4660261985189616
Cambodia,2010.0,-0.6438699669767688
Cameroon,2010.0,-0.5665465893864179
Cameroon,2015.0,-0.5201525628322072
Canada,2010.0,0.7866125184447239
Canada,2015.0,0.8407388827579695
Chile,2010.0,-0.5278849005912424
Chile,2015.0,-0.411899834205716
China,2010.0,-0.6825316557719443
China,2015.0,-0.6825316557719443
Colombia,2010.0,-0.667066980253874
Colombia,2015.0,-0.659334642494839
Costa Rica,2010.0,-0.025282946253961245
Costa Rica,2015.0,-0.06394463504913672
Croatia,2010.0,0.3072075773845479
Croatia,2015.0,0.2994752396255128
Cuba,2010.0,-0.6825316557719443
Cyprus,2010.0,0.45412199480621473
Cyprus,2015.0,0.3381369284206883
Czechia,2010.0,-0.33457645661536506
Czechia,2015.0,-0.33457645661536506
Denmark,2010.0,-0.009818270735890974
Denmark,2015.0,0.10616679564963545
Dominican Republic,2015.0,-0.1567326881575578
Ecuador,2010.0,-0.4892232117960669
Ecuador,2015.0,-0.496955549555102
El Salvador,2010.0,-0.6361376292177338
El Salvador,2015.0,-0.6361376292177338
Estonia,2010.0,0.399995630492969
Estonia,2015.0,0.31493991514358294
Eswatini,2010.0,-0.4350968474828213
Eswatini,2015.0,-0.4505615230008915
Finland,2010.0,-0.3500411321334352
Finland,2015.0,-0.23405606574790874
France,2010.0,0.21441952427612668
France,2015.0,0.25308121307130216
Georgia,2010.0,-0.5665465893864179
Germany,2010.0,0.25308121307130216
Germany,2015.0,0.2762782263484075
Ghana,2015.0,-0.5665465893864179
Greece,2010.0,0.237616537553232
Greece,2015.0,0.15256082220384598
Guatemala,2010.0,-0.659334642494839
Guatemala,2015.0,-0.659334642494839
Guyana,2010.0,-0.5974759404225582
Honduras,2015.0,-0.659334642494839
Hungary,2010.0,-0.3423087943744001
Hungary,2015.0,-0.29591476782018955
Iceland,2010.0,0.15256082220384598
Iceland,2015.0,0.19895484875805652
India,2010.0,-0.659334642494839
India,2015.0,-0.659334642494839
Indonesia,2010.0,-0.6825316557719443
Indonesia,2015.0,-0.6747993180129093
Ireland,2010.0,0.5391777101556008
Ireland,2015.0,0.5701070611917411
Israel,2010.0,1.2118910951916542
Israel,2015.0,1.0959060288061278
Italy,2010.0,0.0288434180592845
Italy,2015.0,0.0056464047821791616
Jamaica,2010.0,-0.6206729536996635
Jamaica,2015.0,-0.6284052914586986
Japan,2015.0,-0.5588142516273827
Kazakhstan,2010.0,0.9103299225892852
Kazakhstan,2015.0,0.9103299225892852
Kenya,2015.0,-0.504687887314137
Kyrgyzstan,2010.0,-0.41963217196475106
Kyrgyzstan,2015.0,-0.47375853627799674
Latvia,2010.0,0.2994752396255128
Latvia,2015.0,0.19122251099902146
Lebanon,2010.0,0.5778393989507761
Lithuania,2010.0,-0.3191117810972948
Lithuania,2015.0,-0.35777346989247033
Luxembourg,2010.0,1.807281102637356
Luxembourg,2015.0,2.7351616337215674
Madagascar,2015.0,-0.6747993180129093
Malawi,2010.0,-0.5742789271454529
Malaysia,2010.0,0.09070212013156517
Malaysia,2015.0,0.2994752396255128
Maldives,2010.0,0.9335269358663906
Maldives,2015.0,0.9180622603483204
Malta,2010.0,-0.04847995953106645
Malta,2015.0,0.32267225290261803
Mauritius,2010.0,-0.5278849005912424
Mauritius,2015.0,-0.496955549555102
Mexico,2010.0,-0.6206729536996635
Mexico,2015.0,-0.6206729536996635
Mongolia,2010.0,-0.6206729536996635
Mongolia,2015.0,-0.6206729536996635
Morocco,2015.0,-0.667066980253874
Mozambique,2010.0,-0.5897436026635232
Namibia,2010.0,-0.2727177545430842
Nepal,2010.0,-0.5820112649044881
Nepal,2015.0,-0.5897436026635232
Netherlands (Kingdom of the),2010.0,0.12936380892674065
Netherlands (Kingdom of the),2015.0,0.1834901732399864
New Zealand,2010.0,0.9644562869025308
New Zealand,2015.0,1.0263149889748115
Nicaragua,2010.0,-0.6361376292177338
Nicaragua,2015.0,-0.6361376292177338
Norway,2010.0,0.15256082220384598
Norway,2015.0,0.46185433256524977
Oman,2015.0,3.6243804760106033
Pakistan,2010.0,-0.5201525628322072
Pakistan,2015.0,-0.5510819138683477
Panama,2015.0,-0.3191117810972948
Paraguay,2010.0,-0.4892232117960669
Paraguay,2015.0,-0.504687887314137
Peru,2010.0,-0.659334642494839
Peru,2015.0,-0.6438699669767688
Philippines,2015.0,-0.6747993180129093
Poland,2010.0,-0.5820112649044881
Poland,2015.0,-0.5820112649044881
Portugal,2010.0,-0.12580333712141747
Portugal,2015.0,-0.06394463504913672
Qatar,2010.0,5.882223101648851
Qatar,2015.0,4.9234132195284985
Republic of Korea,2010.0,-0.5278849005912424
Republic of Korea,2015.0,-0.45829386075992656
Republic of Moldova,2010.0,-0.48149087403703184
Republic of Moldova,2015.0,-0.5201525628322072
Romania,2010.0,-0.6206729536996635
Romania,2015.0,-0.5742789271454529
Russian Federation,2015.0,-0.03301528401299631
Rwanda,2010.0,-0.35777346989247033
Rwanda,2015.0,-0.33457645661536506
Saint Lucia,2010.0,-0.29591476782018955
Saint Lucia,2015.0,-0.3268441188563299
Saint Vincent & Grenadines,2010.0,-0.36550580765150537
San Marino,2010.0,0.1757578354809512
Sao Tome and Principe,2010.0,-0.5742789271454529
Saudi Arabia,2015.0,2.5109238387095503
Senegal,2010.0,-0.5201525628322072
Senegal,2015.0,-0.5356172383502775
Serbia,2010.0,-0.04847995953106645
Serbia,2015.0,-0.05621229729010165
Sierra Leone,2015.0,-0.6206729536996635
Singapore,2010.0,2.0779129242035843
Singapore,2015.0,2.209362666107181
Slovakia,2010.0,-0.4892232117960669
Slovakia,2015.0,-0.42736450972378615
Slovenia,2010.0,0.4154603060110392
Slovenia,2015.0,0.32267225290261803
South Africa,2010.0,-0.3191117810972948
South Africa,2015.0,-0.1876620391936982
Spain,2010.0,0.3922632927339339
Spain,2015.0,0.2840105641074426
Sri Lanka,2010.0,-0.6747993180129093
Sri Lanka,2015.0,-0.6747993180129093
Suriname,2015.0,-0.04074762177203138
Sweden,2010.0,0.38453095497489886
Sweden,2015.0,0.554642385673671
Switzerland,2010.0,1.3278761615771806
Switzerland,2015.0,1.389734863649461
Tajikistan,2010.0,-0.4428291852418563
Thailand,2010.0,-0.31137944333825973
Thailand,2015.0,-0.28818243006115446
Timor-Leste,2010.0,-0.6052082781815934
Timor-Leste,2015.0,-0.6206729536996635
Tunisia,2010.0,-0.659334642494839
Türkiye,2010.0,-0.5510819138683477
Türkiye,2015.0,-0.21085905247080347
Uganda,2010.0,-0.5742789271454529
Uganda,2015.0,-0.5201525628322072
Ukraine,2010.0,0.06750510685445997
United Arab Emirates,2015.0,6.292037002877711
United Kingdom,2010.0,0.16802549772191613
United Kingdom,2015.0,0.2685458885893724
United Rep. of Tanzania,2010.0,-0.6361376292177338
United Rep. of Tanzania,2015.0,-0.6361376292177338
United States of America,2015.0,0.45412199480621473
Uruguay,2015.0,-0.5201525628322072
Uzbekistan,2015.0,-0.41963217196475106
Venezuela (Boliv. Rep. of),2010.0,-0.3191117810972948
Viet Nam,2010.0,-0.6825316557719443
Yemen,2010.0,-0.5897436026635232
Zambia,2010.0,-0.6052082781815934
Zambia,2015.0,-0.6284052914586986
