Country,Year,"Seats held by women in national parliament, as of February (%)"
Afghanistan,2010.0,0.4476838107520078
Afghanistan,2015.0,0.48246008003632945
Albania,2010.0,-0.49996952724576094
Albania,2015.0,-0.12612463243930172
Angola,2015.0,1.2736202062546498
Argentina,2010.0,1.4214193507130177
Argentina,2015.0,1.2214558023281676
Armenia,2010.0,-1.125942374363553
Armenia,2015.0,-0.9955313645473463
Australia,2010.0,0.4476838107520078
Australia,2015.0,0.395519406825525
Austria,2010.0,0.4998482146784903
Austria,2015.0,0.7345880323476626
Azerbaijan,2010.0,-0.9346728932997831
Azerbaijan,2015.0,-0.5695220658144045
Bahamas,2015.0,-0.7781796815203351
Bahrain,2015.0,-1.2737415188219205
Bangladesh,2015.0,-0.1869831036868648
Barbados,2010.0,-1.0563898357949093
Barbados,2015.0,-0.47388732528251953
Belarus,2010.0,0.8389168402006278
Belarus,2015.0,0.4476838107520078
Belgium,2010.0,1.3779490141076154
Belgium,2015.0,1.490971889281661
Belize,2010.0,-1.9257965679029538
Belize,2015.0,-1.65628048094946
Bhutan,2010.0,-1.186800845611116
Bhutan,2015.0,-1.186800845611116
Bolivia (Plurin. State of),2010.0,0.01298044469798552
Bolivia (Plurin. State of),2015.0,2.6907531795907627
Brazil,2010.0,-1.1607186436478747
Brazil,2015.0,-1.1433305090057138
Bulgaria,2010.0,-0.11743056511822117
Bulgaria,2015.0,-0.15220683440254312
Burundi,2010.0,0.8041405709163059
Burundi,2015.0,0.725893965026582
Cabo Verde,2010.0,-0.35217038278739315
Cabo Verde,2015.0,-0.11743056511822117
Cambodia,2010.0,-0.09134836315497977
Cameroon,2010.0,-0.717321210272772
Cameroon,2015.0,0.7780583689530648
Canada,2010.0,-0.0044076899441753085
Canada,2015.0,0.2651083970093183
Chile,2010.0,-0.6912390083095307
Chile,2015.0,-0.5521339311722434
China,2010.0,-0.07396022851281893
China,2015.0,0.12600331987203137
Colombia,2010.0,-1.1954949129321966
Colombia,2015.0,-0.19567717100794535
Costa Rica,2010.0,1.2736202062546498
Costa Rica,2015.0,0.9693278500168342
Croatia,2010.0,0.1173092525509508
Croatia,2015.0,0.3172728009358011
Cuba,2010.0,1.8300405148037988
Cyprus,2010.0,-0.8390381527678982
Cyprus,2015.0,-0.8390381527678982
Czechia,2010.0,-0.5782161331354848
Czechia,2015.0,-0.2739237768976692
Denmark,2010.0,1.3779490141076154
Denmark,2015.0,1.3779490141076154
Dominican Republic,2015.0,-0.11743056511822117
Ecuador,2010.0,0.8823871768060297
Ecuador,2015.0,1.6909354376665116
El Salvador,2010.0,-0.2739237768976692
El Salvador,2015.0,0.45637787807308805
Estonia,2010.0,0.05645078130338775
Estonia,2015.0,-0.20437123832902562
Eswatini,2010.0,-0.7434034122360134
Eswatini,2015.0,-1.3867643939959664
Finland,2010.0,1.5518303605292243
Finland,2015.0,1.7691820435562355
France,2010.0,-0.2826178442187498
France,2015.0,0.3520490702201228
Georgia,2010.0,-1.482399134527851
Germany,2010.0,0.925857513411432
Germany,2015.0,1.2475380042914088
Ghana,2015.0,-0.9781432299051853
Greece,2010.0,-0.4217229213560368
Greece,2015.0,0.07383891594554857
Guatemala,2010.0,-0.8825084893733004
Guatemala,2015.0,-0.7694856141992545
Guyana,2010.0,0.6824236284211798
Honduras,2015.0,0.3172728009358011
Hungary,2010.0,-0.9607550952630245
Hungary,2015.0,-1.0476957684738288
Iceland,2010.0,1.8039583128405572
Iceland,2015.0,1.66485323570327
India,2010.0,-0.9868372972262658
India,2015.0,-0.8825084893733004
Indonesia,2010.0,-0.3608644501084737
Indonesia,2015.0,-0.4391110559981976
Ireland,2010.0,-0.717321210272772
Ireland,2015.0,-0.5086635945668412
Israel,2010.0,-0.2565356422555084
Israel,2015.0,0.030368579340146352
Italy,2010.0,-0.07396022851281893
Italy,2015.0,0.7693643016319842
Jamaica,2010.0,-0.7694856141992545
Jamaica,2015.0,-0.8216500181257373
Japan,2015.0,-1.0998601724003116
Kazakhstan,2010.0,-0.37825258475063456
Kazakhstan,2015.0,0.3520490702201228
Kenya,2015.0,-0.2130653056501062
Kyrgyzstan,2010.0,0.2998846662936403
Kyrgyzstan,2015.0,0.09992111790878998
Latvia,2010.0,-0.013101757265255877
Latvia,2015.0,-0.3608644501084737
Lebanon,2010.0,-1.65628048094946
Lithuania,2010.0,-0.2652297095765887
Lithuania,2015.0,0.10861518522987024
Luxembourg,2010.0,-0.1869831036868648
Luxembourg,2015.0,0.5346244839628123
Madagascar,2015.0,-0.14351276708146257
Malawi,2010.0,-0.11743056511822117
Malaysia,2010.0,-1.0650839031159898
Malaysia,2015.0,-1.0216135665105877
Maldives,2010.0,-1.360682192032725
Maldives,2015.0,-1.4128465959592078
Malta,2010.0,-1.1694127109689552
Malta,2015.0,-0.8042618834835764
Mauritius,2010.0,-0.4391110559981976
Mauritius,2015.0,-0.9172847586576223
Mexico,2010.0,0.4737660127152492
Mexico,2015.0,1.3779490141076154
Mongolia,2010.0,-1.5867279423808167
Mongolia,2015.0,-0.6303805370619675
Morocco,2015.0,-0.4478051233192782
Mozambique,2010.0,1.482277821960581
Namibia,2010.0,0.4129075414676858
Nepal,2010.0,0.9606337826957543
Nepal,2015.0,0.6389532918157775
Netherlands (Kingdom of the),2010.0,1.7257117069508332
Netherlands (Kingdom of the),2015.0,1.3170905428600521
New Zealand,2010.0,0.9954100519800759
New Zealand,2015.0,0.8041405709163059
Nicaragua,2010.0,-0.12612463243930172
Nicaragua,2015.0,1.4735837546395005
Norway,2010.0,1.5170540912449026
Norway,2015.0,1.5170540912449026
Oman,2015.0,-1.8214677600499887
Pakistan,2010.0,0.004286377376904953
Pakistan,2015.0,-0.12612463243930172
Panama,2015.0,-0.24784157493442785
Paraguay,2010.0,-0.8390381527678982
Paraguay,2015.0,-0.621686469740887
Peru,2010.0,0.46507194539416863
Peru,2015.0,0.01298044469798552
Philippines,2015.0,0.4389897434309272
Poland,2010.0,-0.1869831036868648
Poland,2015.0,0.1694736564774336
Portugal,2010.0,0.45637787807308805
Portugal,2015.0,0.7954465035952256
Qatar,2010.0,-1.9257965679029538
Qatar,2015.0,-1.9257965679029538
Republic of Korea,2010.0,-0.6477686717041284
Republic of Korea,2015.0,-0.5086635945668412
Republic of Moldova,2010.0,0.14339145451419222
Republic of Moldova,2015.0,-0.11743056511822117
Romania,2010.0,-0.9346728932997831
Romania,2015.0,-0.7347093449149329
Russian Federation,2015.0,-0.7434034122360134
Rwanda,2010.0,2.9689633338653367
Rwanda,2015.0,3.62101838294637
Saint Lucia,2010.0,-0.9607550952630245
Saint Lucia,2015.0,-0.47388732528251953
Saint Vincent & Grenadines,2010.0,-0.039183959228497274
San Marino,2010.0,-0.47388732528251953
Sao Tome and Principe,2010.0,-1.2911296534640813
Saudi Arabia,2015.0,-0.19567717100794535
Senegal,2010.0,0.04775671398230718
Senegal,2015.0,1.7865701781983967
Serbia,2010.0,-0.04787802654957753
Serbia,2015.0,1.0301863212643976
Sierra Leone,2015.0,-0.8477322200889786
Singapore,2010.0,0.10861518522987024
Singapore,2015.0,0.2738024643303989
Slovakia,2010.0,-0.3608644501084737
Slovakia,2015.0,-0.3000059788609106
Slovenia,2010.0,-0.6738508736673697
Slovenia,2015.0,1.26492613893357
South Africa,2010.0,1.9430633899778444
South Africa,2015.0,1.682241370345431
Spain,2010.0,1.2562320716124893
Spain,2015.0,1.6474651010611094
Sri Lanka,2010.0,-1.421540663280288
Sri Lanka,2015.0,-1.421540663280288
Suriname,2015.0,-0.8998966240154612
Sweden,2010.0,2.1082506690783727
Sweden,2015.0,1.8648167840881205
Switzerland,2010.0,0.5954829552103753
Switzerland,2015.0,0.725893965026582
Tajikistan,2010.0,-0.40433478671387596
Thailand,2010.0,-0.7694856141992545
Thailand,2015.0,-1.3954584613170467
Timor-Leste,2010.0,0.6128710898525361
Timor-Leste,2015.0,1.4214193507130177
Tunisia,2010.0,0.4737660127152492
Türkiye,2010.0,-1.1346364416846335
Türkiye,2015.0,-0.6738508736673697
Uganda,2010.0,0.8128346382373864
Uganda,2015.0,1.117126994475202
Ukraine,2010.0,-1.2302711822165182
United Arab Emirates,2015.0,-0.40433478671387596
United Kingdom,2010.0,-0.23045344029226703
United Kingdom,2015.0,0.05645078130338775
United Rep. of Tanzania,2010.0,0.7432820996687428
United Rep. of Tanzania,2015.0,1.2040676676860065
United States of America,2015.0,-0.23914750761334758
Uruguay,2015.0,-0.7868737488414156
Uzbekistan,2015.0,-0.5347457965300826
Venezuela (Boliv. Rep. of),2010.0,-0.40433478671387596
Viet Nam,2010.0,0.3172728009358011
Yemen,2010.0,-1.8997143659397124
Zambia,2010.0,-0.7086271429516915
Zambia,2015.0,-0.8216500181257373
